ID	Laps	Duration
	1301961768	0	0.0
01961775	4	24.224616
01961768	1	22.428272
01961645	2	4.674513
01961751	0	0.0
01961638	0	0.0
